Workbook

Sheet CLASSIFICAÇÃO
A1: Unidade | B1: Classificação | C1: Quantidade de Magistrados
A2: 1ª VARA DO TRABALHO DE BALNEÁRIO CAMBORIÚ | B2: NEUTRA | C2: =IFERROR(INDEX(Auxiliar!$G$2:$G$61,MATCH(Auxiliar!D2,Auxiliar!$J$2:$J$61,0)),"NAO ENCONTRADO") -> 2
A3: 1ª VARA DO TRABALHO DE BLUMENAU | B3: DESTINATARIA | C3: =IFERROR(INDEX(Auxiliar!$G$2:$G$61,MATCH(Auxiliar!D3,Auxiliar!$J$2:$J$61,0)),"NAO ENCONTRADO") -> 2
A4: 1ª VARA DO TRABALHO DE BRUSQUE | B4: DESTINATARIA | C4: =IFERROR(INDEX(Auxiliar!$G$2:$G$61,MATCH(Auxiliar!D4,Auxiliar!$J$2:$J$61,0)),"NAO ENCONTRADO") -> 2
A5: 1ª VARA DO TRABALHO DE CHAPECÓ | B5: CEDENTE | C5: =IFERROR(INDEX(Auxiliar!$G$2:$G$61,MATCH(Auxiliar!D5,Auxiliar!$J$2:$J$61,0)),"NAO ENCONTRADO") -> 1
A6: 1ª VARA DO TRABALHO DE CRICIÚMA | B6: NEUTRA | C6: =IFERROR(INDEX(Auxiliar!$G$2:$G$61,MATCH(Auxiliar!D6,Auxiliar!$J$2:$J$61,0)),"NAO ENCONTRADO") -> 2
A7: 1ª VARA DO TRABALHO DE FLORIANÓPOLIS | B7: NEUTRA | C7: =IFERROR(INDEX(Auxiliar!$G$2:$G$61,MATCH(Auxiliar!D7,Auxiliar!$J$2:$J$61,0)),"NAO ENCONTRADO") -> 1
A8: 1ª VARA DO TRABALHO DE ITAJAÍ | B8: NEUTRA | C8: =IFERROR(INDEX(Auxiliar!$G$2:$G$61,MATCH(Auxiliar!D8,Auxiliar!$J$2:$J$61,0)),"NAO ENCONTRADO") -> 2
A9: 1ª VARA DO TRABALHO DE JARAGUÁ DO SUL | B9: NEUTRA | C9: =IFERROR(INDEX(Auxiliar!$G$2:$G$61,MATCH(Auxiliar!D9,Auxiliar!$J$2:$J$61,0)),"NAO ENCONTRADO") -> 2
A10: 1ª VARA DO TRABALHO DE JOINVILLE | B10: CEDENTE | C10: =IFERROR(INDEX(Auxiliar!$G$2:$G$61,MATCH(Auxiliar!D10,Auxiliar!$J$2:$J$61,0)),"NAO ENCONTRADO") -> 2
A11: 1ª VARA DO TRABALHO DE LAGES | B11: DESTINATARIA | C11: =IFERROR(INDEX(Auxiliar!$G$2:$G$61,MATCH(Auxiliar!D11,Auxiliar!$J$2:$J$61,0)),"NAO ENCONTRADO") -> 1
A12: 1ª VARA DO TRABALHO DE RIO DO SUL | B12: NEUTRA | C12: =IFERROR(INDEX(Auxiliar!$G$2:$G$61,MATCH(Auxiliar!D12,Auxiliar!$J$2:$J$61,0)),"NAO ENCONTRADO") -> 2
A13: 1ª VARA DO TRABALHO DE TUBARÃO | B13: DESTINATARIA | C13: =IFERROR(INDEX(Auxiliar!$G$2:$G$61,MATCH(Auxiliar!D13,Auxiliar!$J$2:$J$61,0)),"NAO ENCONTRADO") -> 2
... A61: VARA DO TRABALHO DE XANXERÊ | B61: CEDENTE | C61: =IFERROR(INDEX(Auxiliar!$G$2:$G$61,MATCH(Auxiliar!D61,Auxiliar!$J$2:$J$61,0)),"NAO ENCONTRADO") -> 1

Sheet Auxiliar
A1: Unidade (Classificação) | B1: Número extraído | C1: Cidade extraída | D1: Chave | F1: Vara do Trabalho (Lotação) | G1: Qtde magistrados | H1: Cidade extraída (Lotação) | I1: Número extraído (Lotação) | J1: Chave (Lotação)
A2: =CLASSIFICAÇÃO!A2 -> 1ª VARA DO TRABALHO DE BALNEÁRIO CAMBORIÚ | B2: =IF(ISNUMBER(--LEFT(TRIM(CLASSIFICAÇÃO!A2),1)),VALUE(LEFT(TRIM(CLASSIFICAÇÃO!A2),FIND("ª",TRIM(CLASSIFICAÇÃO!A2))-1)),1) -> 1 | C2: =UPPER(TRIM(IF(LEFT(TRIM(MID(CLASSIFICAÇÃO!A2,FIND("VARA DO TRABALHO",CLASSIFICAÇÃO!A2)+LEN("VARA DO TRABALHO"),999)),3)="DE ",MID(TRIM(MID(CLASSIFICAÇÃO!A2,FIND("VARA DO TRABALHO",CLASSIFICAÇÃO!A2)+LEN("VARA DO TRABALHO"),999)),4,999),TRIM(MID(CLASSIFICAÇÃO!A2,FIND("VARA DO TRABALHO",CLASSIFICAÇÃO!A2)+LEN("VARA DO TRABALHO"),999))))) -> BALNEÁRIO CAMBORIÚ | D2: =B2&"|"&C2 -> 1|BALNEÁRIO CAMBORIÚ | F2: Araranguá - 01a Vara | G2: 2 | H2: =UPPER(TRIM(LEFT(F2,FIND("-",F2)-1))) -> ARARANGUÁ | I2: =VALUE(TRIM(MID(F2,FIND("-",F2)+1,FIND("a Vara",F2)-FIND("-",F2)-1))) -> 1 | J2: =I2&"|"&H2 -> 1|ARARANGUÁ
A3: =CLASSIFICAÇÃO!A3 -> 1ª VARA DO TRABALHO DE BLUMENAU | B3: =IF(ISNUMBER(--LEFT(TRIM(CLASSIFICAÇÃO!A3),1)),VALUE(LEFT(TRIM(CLASSIFICAÇÃO!A3),FIND("ª",TRIM(CLASSIFICAÇÃO!A3))-1)),1) -> 1 | C3: =UPPER(TRIM(IF(LEFT(TRIM(MID(CLASSIFICAÇÃO!A3,FIND("VARA DO TRABALHO",CLASSIFICAÇÃO!A3)+LEN("VARA DO TRABALHO"),999)),3)="DE ",MID(TRIM(MID(CLASSIFICAÇÃO!A3,FIND("VARA DO TRABALHO",CLASSIFICAÇÃO!A3)+LEN("VARA DO TRABALHO"),999)),4,999),TRIM(MID(CLASSIFICAÇÃO!A3,FIND("VARA DO TRABALHO",CLASSIFICAÇÃO!A3)+LEN("VARA DO TRABALHO"),999))))) -> BLUMENAU | D3: =B3&"|"&C3 -> 1|BLUMENAU | F3: Balneário Camboriú - 01a Vara | G3: 2 | H3: =UPPER(TRIM(LEFT(F3,FIND("-",F3)-1))) -> BALNEÁRIO CAMBORIÚ | I3: =VALUE(TRIM(MID(F3,FIND("-",F3)+1,FIND("a Vara",F3)-FIND("-",F3)-1))) -> 1 | J3: =I3&"|"&H3 -> 1|BALNEÁRIO CAMBORIÚ
A4: =CLASSIFICAÇÃO!A4 -> 1ª VARA DO TRABALHO DE BRUSQUE | B4: =IF(ISNUMBER(--LEFT(TRIM(CLASSIFICAÇÃO!A4),1)),VALUE(LEFT(TRIM(CLASSIFICAÇÃO!A4),FIND("ª",TRIM(CLASSIFICAÇÃO!A4))-1)),1) -> 1 | C4: =UPPER(TRIM(IF(LEFT(TRIM(MID(CLASSIFICAÇÃO!A4,FIND("VARA DO TRABALHO",CLASSIFICAÇÃO!A4)+LEN("VARA DO TRABALHO"),999)),3)="DE ",MID(TRIM(MID(CLASSIFICAÇÃO!A4,FIND("VARA DO TRABALHO",CLASSIFICAÇÃO!A4)+LEN("VARA DO TRABALHO"),999)),4,999),TRIM(MID(CLASSIFICAÇÃO!A4,FIND("VARA DO TRABALHO",CLASSIFICAÇÃO!A4)+LEN("VARA DO TRABALHO"),999))))) -> BRUSQUE | D4: =B4&"|"&C4 -> 1|BRUSQUE | F4: Balneário Camboriú - 02a Vara | G4: 2 | H4: =UPPER(TRIM(LEFT(F4,FIND("-",F4)-1))) -> BALNEÁRIO CAMBORIÚ | I4: =VALUE(TRIM(MID(F4,FIND("-",F4)+1,FIND("a Vara",F4)-FIND("-",F4)-1))) -> 2 | J4: =I4&"|"&H4 -> 2|BALNEÁRIO CAMBORIÚ
A5: =CLASSIFICAÇÃO!A5 -> 1ª VARA DO TRABALHO DE CHAPECÓ | B5: =IF(ISNUMBER(--LEFT(TRIM(CLASSIFICAÇÃO!A5),1)),VALUE(LEFT(TRIM(CLASSIFICAÇÃO!A5),FIND("ª",TRIM(CLASSIFICAÇÃO!A5))-1)),1) -> 1 | C5: =UPPER(TRIM(IF(LEFT(TRIM(MID(CLASSIFICAÇÃO!A5,FIND("VARA DO TRABALHO",CLASSIFICAÇÃO!A5)+LEN("VARA DO TRABALHO"),999)),3)="DE ",MID(TRIM(MID(CLASSIFICAÇÃO!A5,FIND("VARA DO TRABALHO",CLASSIFICAÇÃO!A5)+LEN("VARA DO TRABALHO"),999)),4,999),TRIM(MID(CLASSIFICAÇÃO!A5,FIND("VARA DO TRABALHO",CLASSIFICAÇÃO!A5)+LEN("VARA DO TRABALHO"),999))))) -> CHAPECÓ | D5: =B5&"|"&C5 -> 1|CHAPECÓ | F5: Blumenau - 01a Vara | G5: 2 | H5: =UPPER(TRIM(LEFT(F5,FIND("-",F5)-1))) -> BLUMENAU | I5: =VALUE(TRIM(MID(F5,FIND("-",F5)+1,FIND("a Vara",F5)-FIND("-",F5)-1))) -> 1 | J5: =I5&"|"&H5 -> 1|BLUMENAU
A6: =CLASSIFICAÇÃO!A6 -> 1ª VARA DO TRABALHO DE CRICIÚMA | B6: =IF(ISNUMBER(--LEFT(TRIM(CLASSIFICAÇÃO!A6),1)),VALUE(LEFT(TRIM(CLASSIFICAÇÃO!A6),FIND("ª",TRIM(CLASSIFICAÇÃO!A6))-1)),1) -> 1 | C6: =UPPER(TRIM(IF(LEFT(TRIM(MID(CLASSIFICAÇÃO!A6,FIND("VARA DO TRABALHO",CLASSIFICAÇÃO!A6)+LEN("VARA DO TRABALHO"),999)),3)="DE ",MID(TRIM(MID(CLASSIFICAÇÃO!A6,FIND("VARA DO TRABALHO",CLASSIFICAÇÃO!A6)+LEN("VARA DO TRABALHO"),999)),4,999),TRIM(MID(CLASSIFICAÇÃO!A6,FIND("VARA DO TRABALHO",CLASSIFICAÇÃO!A6)+LEN("VARA DO TRABALHO"),999))))) -> CRICIÚMA | D6: =B6&"|"&C6 -> 1|CRICIÚMA | F6: Blumenau - 02a Vara | G6: 2 | H6: =UPPER(TRIM(LEFT(F6,FIND("-",F6)-1))) -> BLUMENAU | I6: =VALUE(TRIM(MID(F6,FIND("-",F6)+1,FIND("a Vara",F6)-FIND("-",F6)-1))) -> 2 | J6: =I6&"|"&H6 -> 2|BLUMENAU
A7: =CLASSIFICAÇÃO!A7 -> 1ª VARA DO TRABALHO DE FLORIANÓPOLIS | B7: =IF(ISNUMBER(--LEFT(TRIM(CLASSIFICAÇÃO!A7),1)),VALUE(LEFT(TRIM(CLASSIFICAÇÃO!A7),FIND("ª",TRIM(CLASSIFICAÇÃO!A7))-1)),1) -> 1 | C7: =UPPER(TRIM(IF(LEFT(TRIM(MID(CLASSIFICAÇÃO!A7,FIND("VARA DO TRABALHO",CLASSIFICAÇÃO!A7)+LEN("VARA DO TRABALHO"),999)),3)="DE ",MID(TRIM(MID(CLASSIFICAÇÃO!A7,FIND("VARA DO TRABALHO",CLASSIFICAÇÃO!A7)+LEN("VARA DO TRABALHO"),999)),4,999),TRIM(MID(CLASSIFICAÇÃO!A7,FIND("VARA DO TRABALHO",CLASSIFICAÇÃO!A7)+LEN("VARA DO TRABALHO"),999))))) -> FLORIANÓPOLIS | D7: =B7&"|"&C7 -> 1|FLORIANÓPOLIS | F7: Blumenau - 03a Vara | G7: 2 | H7: =UPPER(TRIM(LEFT(F7,FIND("-",F7)-1))) -> BLUMENAU | I7: =VALUE(TRIM(MID(F7,FIND("-",F7)+1,FIND("a Vara",F7)-FIND("-",F7)-1))) -> 3 | J7: =I7&"|"&H7 -> 3|BLUMENAU
A8: =CLASSIFICAÇÃO!A8 -> 1ª VARA DO TRABALHO DE ITAJAÍ | B8: =IF(ISNUMBER(--LEFT(TRIM(CLASSIFICAÇÃO!A8),1)),VALUE(LEFT(TRIM(CLASSIFICAÇÃO!A8),FIND("ª",TRIM(CLASSIFICAÇÃO!A8))-1)),1) -> 1 | C8: =UPPER(TRIM(IF(LEFT(TRIM(MID(CLASSIFICAÇÃO!A8,FIND("VARA DO TRABALHO",CLASSIFICAÇÃO!A8)+LEN("VARA DO TRABALHO"),999)),3)="DE ",MID(TRIM(MID(CLASSIFICAÇÃO!A8,FIND("VARA DO TRABALHO",CLASSIFICAÇÃO!A8)+LEN("VARA DO TRABALHO"),999)),4,999),TRIM(MID(CLASSIFICAÇÃO!A8,FIND("VARA DO TRABALHO",CLASSIFICAÇÃO!A8)+LEN("VARA DO TRABALHO"),999))))) -> ITAJAÍ | D8: =B8&"|"&C8 -> 1|ITAJAÍ | F8: Blumenau - 04a Vara | G8: 2 | H8: =UPPER(TRIM(LEFT(F8,FIND("-",F8)-1))) -> BLUMENAU | I8: =VALUE(TRIM(MID(F8,FIND("-",F8)+1,FIND("a Vara",F8)-FIND("-",F8)-1))) -> 4 | J8: =I8&"|"&H8 -> 4|BLUMENAU
A9: =CLASSIFICAÇÃO!A9 -> 1ª VARA DO TRABALHO DE JARAGUÁ DO SUL | B9: =IF(ISNUMBER(--LEFT(TRIM(CLASSIFICAÇÃO!A9),1)),VALUE(LEFT(TRIM(CLASSIFICAÇÃO!A9),FIND("ª",TRIM(CLASSIFICAÇÃO!A9))-1)),1) -> 1 | C9: =UPPER(TRIM(IF(LEFT(TRIM(MID(CLASSIFICAÇÃO!A9,FIND("VARA DO TRABALHO",CLASSIFICAÇÃO!A9)+LEN("VARA DO TRABALHO"),999)),3)="DE ",MID(TRIM(MID(CLASSIFICAÇÃO!A9,FIND("VARA DO TRABALHO",CLASSIFICAÇÃO!A9)+LEN("VARA DO TRABALHO"),999)),4,999),TRIM(MID(CLASSIFICAÇÃO!A9,FIND("VARA DO TRABALHO",CLASSIFICAÇÃO!A9)+LEN("VARA DO TRABALHO"),999))))) -> JARAGUÁ DO SUL | D9: =B9&"|"&C9 -> 1|JARAGUÁ DO SUL | F9: Brusque - 01a Vara | G9: 2 | H9: =UPPER(TRIM(LEFT(F9,FIND("-",F9)-1))) -> BRUSQUE | I9: =VALUE(TRIM(MID(F9,FIND("-",F9)+1,FIND("a Vara",F9)-FIND("-",F9)-1))) -> 1 | J9: =I9&"|"&H9 -> 1|BRUSQUE
A10: =CLASSIFICAÇÃO!A10 -> 1ª VARA DO TRABALHO DE JOINVILLE | B10: =IF(ISNUMBER(--LEFT(TRIM(CLASSIFICAÇÃO!A10),1)),VALUE(LEFT(TRIM(CLASSIFICAÇÃO!A10),FIND("ª",TRIM(CLASSIFICAÇÃO!A10))-1)),1) -> 1 | C10: =UPPER(TRIM(IF(LEFT(TRIM(MID(CLASSIFICAÇÃO!A10,FIND("VARA DO TRABALHO",CLASSIFICAÇÃO!A10)+LEN("VARA DO TRABALHO"),999)),3)="DE ",MID(TRIM(MID(CLASSIFICAÇÃO!A10,FIND("VARA DO TRABALHO",CLASSIFICAÇÃO!A10)+LEN("VARA DO TRABALHO"),999)),4,999),TRIM(MID(CLASSIFICAÇÃO!A10,FIND("VARA DO TRABALHO",CLASSIFICAÇÃO!A10)+LEN("VARA DO TRABALHO"),999))))) -> JOINVILLE | D10: =B10&"|"&C10 -> 1|JOINVILLE | F10: Brusque - 02a Vara | G10: 1 | H10: =UPPER(TRIM(LEFT(F10,FIND("-",F10)-1))) -> BRUSQUE | I10: =VALUE(TRIM(MID(F10,FIND("-",F10)+1,FIND("a Vara",F10)-FIND("-",F10)-1))) -> 2 | J10: =I10&"|"&H10 -> 2|BRUSQUE
A11: =CLASSIFICAÇÃO!A11 -> 1ª VARA DO TRABALHO DE LAGES | B11: =IF(ISNUMBER(--LEFT(TRIM(CLASSIFICAÇÃO!A11),1)),VALUE(LEFT(TRIM(CLASSIFICAÇÃO!A11),FIND("ª",TRIM(CLASSIFICAÇÃO!A11))-1)),1) -> 1 | C11: =UPPER(TRIM(IF(LEFT(TRIM(MID(CLASSIFICAÇÃO!A11,FIND("VARA DO TRABALHO",CLASSIFICAÇÃO!A11)+LEN("VARA DO TRABALHO"),999)),3)="DE ",MID(TRIM(MID(CLASSIFICAÇÃO!A11,FIND("VARA DO TRABALHO",CLASSIFICAÇÃO!A11)+LEN("VARA DO TRABALHO"),999)),4,999),TRIM(MID(CLASSIFICAÇÃO!A11,FIND("VARA DO TRABALHO",CLASSIFICAÇÃO!A11)+LEN("VARA DO TRABALHO"),999))))) -> LAGES | D11: =B11&"|"&C11 -> 1|LAGES | F11: Caçador - 01a Vara | G11: 1 | H11: =UPPER(TRIM(LEFT(F11,FIND("-",F11)-1))) -> CAÇADOR | I11: =VALUE(TRIM(MID(F11,FIND("-",F11)+1,FIND("a Vara",F11)-FIND("-",F11)-1))) -> 1 | J11: =I11&"|"&H11 -> 1|CAÇADOR
A12: =CLASSIFICAÇÃO!A12 -> 1ª VARA DO TRABALHO DE RIO DO SUL | B12: =IF(ISNUMBER(--LEFT(TRIM(CLASSIFICAÇÃO!A12),1)),VALUE(LEFT(TRIM(CLASSIFICAÇÃO!A12),FIND("ª",TRIM(CLASSIFICAÇÃO!A12))-1)),1) -> 1 | C12: =UPPER(TRIM(IF(LEFT(TRIM(MID(CLASSIFICAÇÃO!A12,FIND("VARA DO TRABALHO",CLASSIFICAÇÃO!A12)+LEN("VARA DO TRABALHO"),999)),3)="DE ",MID(TRIM(MID(CLASSIFICAÇÃO!A12,FIND("VARA DO TRABALHO",CLASSIFICAÇÃO!A12)+LEN("VARA DO TRABALHO"),999)),4,999),TRIM(MID(CLASSIFICAÇÃO!A12,FIND("VARA DO TRABALHO",CLASSIFICAÇÃO!A12)+LEN("VARA DO TRABALHO"),999))))) -> RIO DO SUL | D12: =B12&"|"&C12 -> 1|RIO DO SUL | F12: Canoinhas - 01a Vara | G12: 2 | H12: =UPPER(TRIM(LEFT(F12,FIND("-",F12)-1))) -> CANOINHAS | I12: =VALUE(TRIM(MID(F12,FIND("-",F12)+1,FIND("a Vara",F12)-FIND("-",F12)-1))) -> 1 | J12: =I12&"|"&H12 -> 1|CANOINHAS
A13: =CLASSIFICAÇÃO!A13 -> 1ª VARA DO TRABALHO DE TUBARÃO | B13: =IF(ISNUMBER(--LEFT(TRIM(CLASSIFICAÇÃO!A13),1)),VALUE(LEFT(TRIM(CLASSIFICAÇÃO!A13),FIND("ª",TRIM(CLASSIFICAÇÃO!A13))-1)),1) -> 1 | C13: =UPPER(TRIM(IF(LEFT(TRIM(MID(CLASSIFICAÇÃO!A13,FIND("VARA DO TRABALHO",CLASSIFICAÇÃO!A13)+LEN("VARA DO TRABALHO"),999)),3)="DE ",MID(TRIM(MID(CLASSIFICAÇÃO!A13,FIND("VARA DO TRABALHO",CLASSIFICAÇÃO!A13)+LEN("VARA DO TRABALHO"),999)),4,999),TRIM(MID(CLASSIFICAÇÃO!A13,FIND("VARA DO TRABALHO",CLASSIFICAÇÃO!A13)+LEN("VARA DO TRABALHO"),999))))) -> TUBARÃO | D13: =B13&"|"&C13 -> 1|TUBARÃO | F13: Chapecó - 01a Vara | G13: 1 | H13: =UPPER(TRIM(LEFT(F13,FIND("-",F13)-1))) -> CHAPECÓ | I13: =VALUE(TRIM(MID(F13,FIND("-",F13)+1,FIND("a Vara",F13)-FIND("-",F13)-1))) -> 1 | J13: =I13&"|"&H13 -> 1|CHAPECÓ
... A61: =CLASSIFICAÇÃO!A61 -> VARA DO TRABALHO DE XANXERÊ | B61: =IF(ISNUMBER(--LEFT(TRIM(CLASSIFICAÇÃO!A61),1)),VALUE(LEFT(TRIM(CLASSIFICAÇÃO!A61),FIND("ª",TRIM(CLASSIFICAÇÃO!A61))-1)),1) -> 1 | C61: =UPPER(TRIM(IF(LEFT(TRIM(MID(CLASSIFICAÇÃO!A61,FIND("VARA DO TRABALHO",CLASSIFICAÇÃO!A61)+LEN("VARA DO TRABALHO"),999)),3)="DE ",MID(TRIM(MID(CLASSIFICAÇÃO!A61,FIND("VARA DO TRABALHO",CLASSIFICAÇÃO!A61)+LEN("VARA DO TRABALHO"),999)),4,999),TRIM(MID(CLASSIFICAÇÃO!A61,FIND("VARA DO TRABALHO",CLASSIFICAÇÃO!A61)+LEN("VARA DO TRABALHO"),999))))) -> XANXERÊ | D61: =B61&"|"&C61 -> 1|XANXERÊ | F61: Xanxerê - 01a Vara | G61: 1 | H61: =UPPER(TRIM(LEFT(F61,FIND("-",F61)-1))) -> XANXERÊ | I61: =VALUE(TRIM(MID(F61,FIND("-",F61)+1,FIND("a Vara",F61)-FIND("-",F61)-1))) -> 1 | J61: =I61&"|"&H61 -> 1|XANXERÊ
